dataset,model,method,density_model,mse,mae,r2,r_sep,i_sep,c_sep_xfit,pred_pearson_abs,pred_spearman_abs,pred_mean_gap,residual_mean_gap,group_mse_gap,wasserstein_pred_gap,fit_seconds,total_seconds,selected_radius,selected_bandwidth
Synthetic,linear,agarwal-bgl,none,0.01877923399318266,0.10762206206724363,0.5906418453980089,1.8874682223019832,0.15948188442498054,0.08064484725943058,0.553360328346401,0.5787649654585925,0.2006847396888646,0.004540552319925352,0.012796525334702116,0.20071982829019613,0.0020689709002908786,0.13031608944947948,,
Synthetic,linear,berk-pairwise,none,0.02033649612602114,0.11310827659858842,0.5567390582018613,1.020250900375437,0.0019420755015202111,0.0010331644987768523,0.34677167154677135,0.3657678143255472,0.11656174510069839,0.08436311746369896,0.01028469455454839,0.11748621999269204,0.03305902920183144,0.1535034332991927,,
Synthetic,linear,calders-effect-control,none,0.027219672665376567,0.13480128892350124,0.40685801394447346,1.512895035061382,0.1507473665412369,0.07612487044797196,0.018300375358350975,0.019033494687397567,0.0054760059702760435,0.2003922457526497,0.00262724722378376,0.04123706871660385,0.0011421354502090253,0.1230036458975519,,
Synthetic,linear,chzhen-repair,none,0.028734543356973286,0.13725810741606423,0.3738838143387012,1.489797201214481,0.14428074162597299,0.07287012306676732,0.02095192016980963,0.0200280032388496,0.007523007190560227,0.1995245004002282,0.005968972833532177,0.012287281623110272,0.003301114400528604,0.13118200195167445,,
Synthetic,linear,fair-reweighing,Kernel,0.02010861981521308,0.11206907402357077,0.5616945650845618,1.043437394815096,0.007400652474777189,0.0037930227104667515,0.3690137863469648,0.38916666037311687,0.12573375852363053,0.0751911040407669,0.011634852961616905,0.12645565638293504,2.160039637501177,2.2818952501009333,,0.13250000000000003
Synthetic,linear,fair-reweighing,Neighbor,0.02020671450065485,0.11244102851435445,0.5595546931193671,1.0339977020995474,0.005185646941433709,0.00271164998806523,0.3589724477024837,0.378621819179521,0.12309380965232548,0.07783105291207194,0.011335503262706197,0.12391764410768706,2.1709626167008538,2.4163180731004106,0.26,
Synthetic,linear,none,none,0.018777859644451615,0.1076184205004849,0.5906707020047293,1.8928862208949926,0.1604001438513593,0.08111018856213656,0.5540459387811818,0.5794328155416324,0.20069626341683336,0.00452251528421461,0.012795533983265595,0.20073057441423572,0.0006025748982210644,0.13029627499781782,,
